,num_clients,time,data,trial
0,8,14.041501998901367,mnist,0
1,16,4.708573579788208,mnist,0
2,33,111.8114881515503,mnist,0
